{
  "height": 248.88888888888889,
  "tabOrder": 1000,
  "width": 476.66666666666663,
  "x": 385.55555555555554,
  "y": 592.22222222222217,
  "z": 1000
}