{
  "height": 76.666666666666671,
  "tabOrder": 15000,
  "width": 148.88888888888889,
  "x": 1008.8888888888889,
  "y": 212.22222222222223,
  "z": 0
}