{
  "height": 76.666666666666671,
  "tabOrder": 13000,
  "width": 195.55555555555554,
  "x": 644.44444444444446,
  "y": 211.11111111111111,
  "z": 5000
}