{
  "height": 50,
  "tabOrder": 21000,
  "width": 54.444444444444443,
  "x": 1495.5555555555554,
  "y": 230,
  "z": 21000
}