{
  "height": 227.77777777777777,
  "tabOrder": 12000,
  "width": 283.33333333333331,
  "x": 911.11111111111109,
  "y": 426.66666666666663,
  "z": 15000
}