{
  "height": 93.333333333333329,
  "tabOrder": 8000,
  "width": 191.11111111111111,
  "x": 901.11111111111109,
  "y": 303.33333333333331,
  "z": 11000
}