{
  "height": 70,
  "tabOrder": 5000,
  "width": 352.85714285714289,
  "x": 1142.8571428571429,
  "y": 221.42857142857144,
  "z": 7000
}