{
  "height": 76.666666666666671,
  "tabOrder": 14000,
  "width": 148.88888888888889,
  "x": 850.370381673177,
  "y": 211.11111111111109,
  "z": 3000
}