{
  "height": 37.272727272727266,
  "tabOrder": 18000,
  "width": 50.909090909090907,
  "x": 660,
  "y": 374.5454545454545,
  "z": 18000
}