{
  "height": 67.777777777777771,
  "width": 206.66666666666666,
  "x": 646.66666666666663,
  "y": 216.66666666666666,
  "z": 8000
}