{
  "height": 72.222222222222214,
  "tabOrder": 3000,
  "width": 135.55555555555554,
  "x": 853.70371500651038,
  "y": 215.55555555555551,
  "z": 4000
}