{
  "height": 238.33333333333334,
  "tabOrder": 16000,
  "width": 476.66666666666669,
  "x": 385,
  "y": 313.33333333333337,
  "z": 16000
}