{
  "height": 113.33333333333333,
  "tabOrder": 6000,
  "width": 496.66666666666663,
  "x": 385.55555555555554,
  "y": 382.22222222222223,
  "z": 9000
}