{
  "height": 112.22222222222221,
  "tabOrder": 10000,
  "width": 347.77777777777777,
  "x": 1232,
  "y": 302,
  "z": 13000
}