{
  "height": 86.666666666666671,
  "tabOrder": 9000,
  "width": 146.66666666666666,
  "x": 1083.3333333333333,
  "y": 331.11111111111109,
  "z": 12000
}