{
  "height": 67.777777777777771,
  "tabOrder": 4000,
  "width": 146.66666666666666,
  "x": 1010,
  "y": 214.44444444444443,
  "z": 6000
}