{
  "height": 240,
  "tabOrder": 11000,
  "width": 268.33333333333337,
  "x": 1288.3333333333335,
  "y": 416.66666666666669,
  "z": 14000
}