{
  "height": 29.09090909090909,
  "tabOrder": 19000,
  "width": 44.54545454545454,
  "x": 368.18181818181813,
  "y": 379.09090909090907,
  "z": 19000
}