{
  "height": 102.22222222222221,
  "tabOrder": 7000,
  "width": 476.66666666666663,
  "x": 384.44444444444446,
  "y": 488.88888888888886,
  "z": 10000
}