{
  "height": 180,
  "tabOrder": 2000,
  "width": 623.33333333333337,
  "x": 901.11111111111109,
  "y": 670,
  "z": 2000
}